UID,Member since,Country,Gender,Watch hours
UGi9320,2023-02-05,Portugal,Male,62
UGi9321,2023-03-09,India,Male,1
UGi9322,2023-05-29,Philippines,Male,46
UGi9323,2022-12-30,Thailand,Female,68
UGi9324,2023-08-30,USA,Female,48
UGi9325,2023-02-12,Canada,Female,43
UGi9326,2021-12-03,USA,Female,69
UGi9327,2023-01-26,Brazil,Female,2
UGi9328,2022-01-22,China,Male,71
UGi9329,2023-06-26,New Zealand,Female,52
UGi9330,2022-09-17,Ghana,Female,60
UGi9331,2022-12-03,China,Female,60
UGi9332,2021-12-18,Portugal,Female,66
UGi9333,2021-11-08,Belarus,Female,46
UGi9334,2022-03-25,New Zealand,Female,74
UGi9335,2021-12-26,Mexico,Female,61
UGi9336,2022-05-29,Switzerland,Male,57
UGi9337,2022-08-30,Australia,Female,33
UGi9338,2022-10-01,China,Male,31
UGi9339,2023-10-10,Iran,Female,78
UGi9340,2022-03-19,Qatar,Male,13
UGi9341,2023-03-27,Nigeria,Female,6
UGi9342,2023-08-28,Croatia,Male,66
UGi9343,2021-11-05,Norway,Male,83
UGi9344,2021-12-30,China,Female,33
UGi9345,2023-02-25,Oman,Female,7
UGi9346,2022-06-25,Mongolia,Female,17
UGi9347,2022-02-16,Philippines,Male,31
UGi9348,2021-12-07,Mongolia,Female,40
UGi9349,2022-04-26,Denmark,Female,40
UGi9350,2023-10-14,Japan,Male,58
UGi9351,2022-06-08,USA,Male,79
UGi9352,2022-05-27,USA,Female,48
UGi9353,2023-08-10,India,Male,79
UGi9354,2023-03-23,Austria,Male,13
UGi9355,2022-11-05,Mexico,Male,6
UGi9356,2022-11-16,Russia,Male,58
UGi9357,2022-03-18,Australia,Female,7
UGi9358,2022-10-27,New Zealand,Female,71
UGi9359,2022-01-22,Italy,Female,25
UGi9360,2022-01-23,China,Male,10
UGi9361,2021-11-26,Saudi Arabia,Female,15
UGi9362,2022-11-05,Nigeria,Male,35
UGi9363,2022-10-15,Oman,Female,32
UGi9364,2023-09-29,Australia,Female,60
UGi9365,2022-05-25,Netherlands,Male,82
UGi9366,2022-03-12,New Zealand,Male,66
UGi9367,2023-09-24,USA,Male,35
UGi9368,2023-08-26,Canada,Female,38
UGi9369,2021-12-31,USA,Male,29
UGi9370,2021-11-29,Singapore,Male,33
UGi9371,2023-02-12,Australia,Male,67
UGi9372,2021-12-23,China,Female,50
UGi9373,2022-06-30,Saudi Arabia,Male,54
UGi9374,2022-02-16,UAE,Female,55
UGi9375,2023-09-06,India,Female,0
UGi9376,2022-09-10,Singapore,Male,72
UGi9377,2022-09-13,Peru,Female,26
UGi9378,2021-11-20,USA,Male,15
UGi9379,2023-05-28,Ghana,Male,32
UGi9380,2022-01-28,UAE,Male,36
UGi9381,2022-09-01,Portugal,Male,38
UGi9382,2023-06-13,Mexico,Female,55
UGi9383,2022-10-03,Japan,Male,54
UGi9384,2023-07-25,Qatar,Female,46
UGi9385,2022-04-29,Sweden,Male,37
UGi9386,2021-12-05,China,Male,65
UGi9387,2022-03-20,Sri Lanka,Male,32
UGi9388,2022-06-05,Italy,Male,59
UGi9389,2023-01-21,Nigeria,Male,39
UGi9390,2023-06-29,Denmark,Female,57
UGi9391,2023-07-07,China,Female,14
UGi9392,2022-06-07,Denmark,Female,80
UGi9393,2022-02-22,Wales,Female,76
UGi9394,2021-12-04,India,Male,31
UGi9395,2022-10-08,Indonesia,Male,13
UGi9396,2021-11-07,India,Male,34
UGi9397,2023-09-11,China,Male,17
UGi9398,2023-07-26,Afganistan,Female,30
UGi9399,2023-08-01,Belarus,Male,38
UGi9400,2023-09-30,India,Male,39
UGi9401,2022-03-02,Turkey,Male,77
UGi9402,2022-02-22,USA,Female,66
UGi9403,2023-01-20,Belarus,Male,52
UGi9404,2022-10-17,USA,Male,32
UGi9405,2022-12-31,Denmark,Female,52
UGi9406,2022-07-28,Indonesia,Male,63
UGi9407,2022-07-10,USA,Male,28
UGi9408,2022-09-21,England,Female,73
UGi9409,2023-01-04,India,Male,58
UGi9410,2022-06-15,Switzerland,Female,26
UGi9411,2022-07-01,USA,Female,54
UGi9412,2023-07-28,Afganistan,Female,78
UGi9413,2022-07-19,Oman,Male,27
UGi9414,2021-12-30,India,Female,50
UGi9415,2022-11-28,South Korea,Male,17
UGi9416,2022-09-25,Turkey,Male,72
UGi9417,2022-07-12,Brazil,Male,81
UGi9418,2023-02-05,Australia,Male,80
UGi9419,2021-10-28,Norway,Male,24
UGi9420,2023-09-07,Nepal,Male,43
UGi9421,2022-04-16,Iran,Male,48
UGi9422,2022-12-03,Qatar,Male,13
UGi9423,2022-12-26,India,Female,52
UGi9424,2023-03-23,Russia,Female,2
UGi9425,2023-09-09,Romania,Female,14
UGi9426,2021-12-02,Singapore,Female,53
UGi9427,2022-12-07,Sri Lanka,Female,80
UGi9428,2022-06-01,Hungary,Male,33
UGi9429,2023-01-16,Sri Lanka,Female,50
UGi9430,2022-08-04,Bangladesh,Male,41
UGi9431,2021-10-27,Sri Lanka,Male,12
UGi9432,2022-03-23,Japan,Female,66
UGi9433,2022-05-09,Denmark,Female,70
UGi9434,2023-01-20,USA,Male,35
UGi9435,2022-03-29,Austria,Male,16
UGi9436,2023-03-18,USA,Male,72
UGi9437,2022-05-19,Russia,Male,27
UGi9438,2022-08-11,Oman,Male,22
UGi9439,2022-08-06,India,Male,34
UGi9440,2022-06-18,Japan,Female,16
UGi9441,2023-08-19,Peru,Female,30
UGi9442,2022-05-14,South Korea,Female,84
UGi9443,2022-05-24,Denmark,Male,30
UGi9444,2022-03-24,Oman,Male,82
UGi9445,2023-02-17,Sweden,Female,30
UGi9446,2022-09-23,Japan,Male,4
UGi9447,2023-03-27,Japan,Female,22
UGi9448,2022-11-11,China,Male,77
UGi9449,2022-11-18,South Africa,Male,14
UGi9450,2022-12-12,Austria,Female,21
UGi9451,2021-11-17,Iran,Female,58
UGi9452,2023-03-23,USA,Male,56
UGi9453,2022-10-02,USA,Male,32
UGi9454,2023-07-25,USA,Female,2
UGi9455,2021-11-28,Romania,Male,82
UGi9456,2022-05-10,Portugal,Female,80
UGi9457,2023-05-08,USA,Male,5
UGi9458,2022-05-16,Qatar,Male,57
UGi9459,2023-05-01,Oman,Female,13
UGi9460,2022-04-18,Jordan,Male,79
UGi9461,2023-01-23,Philippines,Female,38
UGi9462,2023-07-14,Belarus,Female,16
UGi9463,2023-04-10,Afganistan,Female,71
UGi9464,2022-05-19,India,Male,10
UGi9465,2023-04-08,Belarus,Male,69
UGi9466,2023-06-05,Russia,Male,42
UGi9467,2022-01-24,India,Female,25
UGi9468,2022-04-16,Switzerland,Female,48
UGi9469,2023-05-30,Singapore,Male,84
UGi9470,2022-08-21,Singapore,Male,80
UGi9471,2022-10-17,Denmark,Male,18
UGi9472,2023-02-26,Hungary,Female,36
UGi9473,2023-01-19,Afganistan,Male,56
UGi9474,2022-01-02,South Korea,Male,43
UGi9475,2023-09-17,China,Male,82
UGi9476,2022-01-01,Norway,Female,12
UGi9477,2023-10-15,China,Female,0
UGi9478,2022-06-10,Netherlands,Male,17
UGi9479,2021-11-21,Turkey,Male,28
UGi9480,2023-08-10,Mexico,Male,59
UGi9481,2022-12-04,England,Female,19
UGi9482,2023-05-13,Columbia,Female,23
UGi9483,2022-09-28,South Africa,Male,16
UGi9484,2022-09-11,Italy,Female,27
UGi9485,2021-12-19,Ghana,Female,37
UGi9486,2022-11-16,India,Male,70
UGi9487,2022-11-20,Afganistan,Male,40
UGi9488,2023-02-07,India,Male,47
UGi9489,2023-06-23,Austria,Female,58
UGi9490,2023-09-25,Indonesia,Male,21
UGi9491,2022-10-19,Italy,Male,23
UGi9492,2023-08-07,Brazil,Female,59
UGi9493,2022-12-03,Afganistan,Female,57
UGi9494,2023-01-28,China,Male,73
UGi9495,2022-11-11,USA,Male,21
UGi9496,2023-05-13,Canada,Male,72
UGi9497,2022-10-29,Australia,Male,39
UGi9498,2023-04-08,Afganistan,Female,60
UGi9499,2022-05-22,Mexico,Male,48
UGi9500,2023-10-13,South Korea,Male,76
UGi9501,2023-03-13,Denmark,Male,10
UGi9502,2022-12-28,India,Female,26
UGi9503,2023-07-31,USA,Male,23
UGi9504,2021-11-13,Afganistan,Male,1
UGi9505,2022-03-11,Mongolia,Male,10
UGi9506,2023-06-24,Afganistan,Female,80
UGi9507,2021-11-21,Saudi Arabia,Female,82
UGi9508,2022-07-25,Pakistan,Male,5
UGi9509,2022-02-22,Saudi Arabia,Female,0
UGi9510,2022-02-16,Iran,Male,6
UGi9511,2023-01-19,China,Female,36
UGi9512,2023-07-31,Argentina,Male,72
UGi9513,2023-10-18,USA,Male,37
UGi9514,2023-04-23,Indonesia,Female,52
UGi9515,2022-11-26,China,Female,29
UGi9516,2023-05-01,Croatia,Female,39
UGi9517,2022-06-15,China,Female,32
UGi9518,2022-07-25,Netherlands,Male,40
UGi9519,2021-12-26,USA,Male,74
UGi9520,2023-01-13,Afganistan,Female,73
UGi9521,2022-05-12,Iran,Male,34
UGi9522,2022-12-27,Wales,Female,12
UGi9523,2022-06-21,Afganistan,Female,44
UGi9524,2023-08-19,Japan,Female,78
UGi9525,2022-06-04,Ghana,Male,54
UGi9526,2022-06-09,Denmark,Male,77
UGi9527,2022-10-05,Nepal,Female,11
UGi9528,2022-08-15,Japan,Male,13
UGi9529,2022-02-08,China,Male,52
UGi9530,2022-06-29,South Africa,Female,32
UGi9531,2022-09-15,Argentina,Female,39
UGi9532,2023-05-29,USA,Male,56
UGi9533,2021-12-11,Singapore,Male,59
UGi9534,2023-01-20,South Korea,Female,83
UGi9535,2023-02-21,Thailand,Female,8
UGi9536,2022-03-24,Peru,Female,41
UGi9537,2023-09-23,Australia,Male,69
UGi9538,2023-10-14,Portugal,Male,16
UGi9539,2022-03-15,Mongolia,Male,35
UGi9540,2022-09-04,Denmark,Female,7
UGi9541,2022-04-12,Austria,Male,81
UGi9542,2021-12-14,Argentina,Female,81
UGi9543,2023-08-24,Canada,Female,43
UGi9544,2022-01-11,Norway,Male,72
UGi9545,2022-11-14,South Korea,Female,76
UGi9546,2022-02-08,Denmark,Male,61
UGi9547,2022-02-12,Wales,Male,9
UGi9548,2023-01-04,USA,Male,41
UGi9549,2023-10-16,Saudi Arabia,Female,78
UGi9550,2021-11-12,Columbia,Male,35
UGi9551,2023-06-28,USA,Male,79
UGi9552,2023-05-16,Nigeria,Female,14
UGi9553,2022-09-23,Croatia,Female,18
UGi9554,2023-06-29,Oman,Male,37
UGi9555,2023-09-07,Bangladesh,Female,15
UGi9556,2022-10-26,Netherlands,Male,24
UGi9557,2023-01-02,China,Female,59
UGi9558,2022-09-01,China,Male,53
UGi9559,2023-07-22,Pakistan,Male,68
UGi9560,2021-12-15,Denmark,Female,47
UGi9561,2021-12-23,Oman,Male,49
UGi9562,2022-03-27,Nepal,Male,2
UGi9563,2023-08-19,Argentina,Male,31
UGi9564,2022-05-17,China,Male,73
UGi9565,2023-10-07,Spain,Female,16
UGi9566,2023-02-08,USA,Male,0
UGi9567,2022-03-23,Oman,Male,48
UGi9568,2022-02-07,Sweden,Female,74
UGi9569,2022-04-07,Denmark,Male,52
UGi9570,2022-09-03,Iran,Female,27
UGi9571,2023-02-27,Nepal,Male,9
UGi9572,2022-04-30,England,Female,42
UGi9573,2022-08-10,Netherlands,Female,71
UGi9574,2023-06-15,USA,Female,38
UGi9575,2022-05-23,Romania,Female,30
UGi9576,2023-01-31,Denmark,Male,59
UGi9577,2023-01-31,Japan,Female,14
UGi9578,2023-04-09,China,Male,0
UGi9579,2023-05-24,Switzerland,Male,25
UGi9580,2022-03-10,Qatar,Female,67
UGi9581,2023-08-13,Wales,Female,49
UGi9582,2022-01-18,USA,Female,79
UGi9583,2022-02-18,Sri Lanka,Female,84
UGi9584,2023-09-11,Romania,Male,51
UGi9585,2023-02-12,Peru,Male,54
UGi9586,2022-07-01,Nigeria,Male,2
UGi9587,2022-07-18,Nigeria,Male,1
UGi9588,2023-08-31,India,Male,36
UGi9589,2022-05-24,Canada,Male,6
UGi9590,2023-07-06,Canada,Female,20
UGi9591,2022-09-25,Afganistan,Male,12
UGi9592,2023-01-04,Denmark,Female,50
UGi9593,2023-06-13,USA,Male,55
UGi9594,2022-01-13,Wales,Female,2
UGi9595,2023-04-06,USA,Male,79
UGi9596,2023-06-12,Afganistan,Female,34
UGi9597,2022-04-07,Mongolia,Female,5
UGi9598,2022-01-14,Scotland,Female,52
UGi9599,2022-12-17,Qatar,Male,38
UGi9600,2022-09-14,Scotland,Male,71
UGi9601,2022-03-21,England,Female,66
UGi9602,2023-07-18,Qatar,Male,42
UGi9603,2023-08-13,Croatia,Female,71
UGi9604,2022-05-16,Singapore,Male,81
UGi9605,2023-01-19,Qatar,Female,7
UGi9606,2022-04-02,Ghana,Female,5
UGi9607,2022-06-27,USA,Female,7
UGi9608,2022-05-29,China,Female,82
UGi9609,2023-08-10,Columbia,Male,9
UGi9610,2023-06-01,Oman,Male,19
UGi9611,2022-01-23,Scotland,Male,30
UGi9612,2022-04-30,Argentina,Female,41
UGi9613,2022-07-19,Nepal,Female,30
UGi9614,2022-12-01,South Korea,Male,53
UGi9615,2022-11-26,China,Female,14
UGi9616,2023-04-17,Canada,Female,74
UGi9617,2023-01-22,Switzerland,Female,12
UGi9618,2022-02-15,USA,Female,76
UGi9619,2023-06-05,Sweden,Female,27
UGi9620,2022-11-12,India,Female,29
UGi9621,2023-08-11,China,Female,43
UGi9622,2022-05-08,India,Male,16
UGi9623,2022-06-26,Hungary,Female,58
UGi9624,2022-04-03,Peru,Female,39
UGi9625,2021-12-31,Iran,Male,61
UGi9626,2023-09-26,India,Female,13
UGi9627,2021-11-21,USA,Female,31
UGi9628,2021-12-28,South Korea,Female,69
UGi9629,2022-08-14,Scotland,Male,5
UGi9630,2022-12-13,Jordan,Male,36
UGi9631,2022-04-03,Singapore,Female,67
UGi9632,2022-05-18,Belarus,Female,48
UGi9633,2022-10-14,Sweden,Male,2
UGi9634,2022-09-08,USA,Male,15
UGi9635,2022-10-28,Ghana,Female,11
UGi9636,2023-07-02,Japan,Male,70
UGi9637,2022-04-24,Scotland,Female,56
UGi9638,2022-11-09,China,Male,23
UGi9639,2023-07-14,New Zealand,Female,31
UGi9640,2022-03-26,Mexico,Male,9
UGi9641,2023-01-11,Italy,Male,26
UGi9642,2022-04-05,Mongolia,Female,19
UGi9643,2023-06-21,Austria,Female,61
UGi9644,2022-06-06,Oman,Male,9
UGi9645,2021-11-21,India,Male,27
UGi9646,2022-10-05,Brazil,Male,64
UGi9647,2023-02-24,Japan,Male,0
UGi9648,2022-12-27,Russia,Female,5
UGi9649,2022-09-18,Philippines,Female,63
UGi9650,2023-07-04,Austria,Female,17
UGi9651,2023-07-31,Romania,Male,1
UGi9652,2022-05-16,Indonesia,Male,20
UGi9653,2022-06-16,Denmark,Male,71
UGi9654,2022-02-18,Wales,Male,58
UGi9655,2023-08-04,Pakistan,Male,6
UGi9656,2023-05-30,China,Male,30
UGi9657,2022-06-13,Nigeria,Female,15
UGi9658,2023-05-27,USA,Male,27
UGi9659,2022-10-31,Mexico,Male,63
UGi9660,2022-02-17,Brazil,Female,77
UGi9661,2022-07-08,Australia,Female,28
UGi9662,2023-04-06,Sweden,Male,60
UGi9663,2022-11-10,UAE,Female,54
UGi9664,2023-07-05,South Africa,Male,73
UGi9665,2023-08-05,Canada,Female,76
UGi9666,2021-11-01,USA,Male,60
UGi9667,2022-12-02,Indonesia,Male,11
UGi9668,2021-12-18,Nepal,Male,0
UGi9669,2022-10-13,South Africa,Female,57
UGi9670,2022-06-10,India,Female,20
UGi9671,2023-07-17,USA,Male,24
UGi9672,2022-01-02,Japan,Female,24
UGi9673,2023-03-09,Philippines,Female,33
UGi9674,2022-04-15,Italy,Male,60
UGi9675,2022-11-01,Russia,Male,75
UGi9676,2023-01-06,USA,Female,63
UGi9677,2022-09-01,South Korea,Male,8
UGi9678,2022-06-18,South Africa,Female,63
UGi9679,2023-08-19,China,Male,58
UGi9680,2023-09-24,USA,Male,28
UGi9681,2022-07-05,China,Female,57
UGi9682,2023-06-16,Jordan,Female,43
UGi9683,2023-05-18,UAE,Female,45
UGi9684,2023-05-08,Spain,Male,66
UGi9685,2023-03-27,Indonesia,Male,53
UGi9686,2022-01-03,Oman,Female,52
UGi9687,2022-03-19,China,Male,32
UGi9688,2022-10-07,UAE,Male,44
UGi9689,2021-11-21,Peru,Female,19
UGi9690,2023-05-02,Russia,Female,81
UGi9691,2023-01-16,Indonesia,Male,73
UGi9692,2022-10-25,Argentina,Male,5
UGi9693,2023-05-17,Qatar,Male,58
UGi9694,2021-12-22,USA,Female,84
UGi9695,2022-08-04,India,Male,33
UGi9696,2022-10-19,Ghana,Female,35
UGi9697,2022-09-22,Scotland,Female,56
UGi9698,2023-06-12,Iran,Male,24
UGi9699,2022-10-13,Belarus,Male,28
UGi9700,2021-12-02,Northern Ireland,Female,74
UGi9701,2023-04-06,Canada,Male,55
UGi9702,2022-11-22,Japan,Female,41
UGi9703,2022-04-23,Denmark,Male,67
UGi9704,2023-09-04,Japan,Male,15
UGi9705,2022-01-28,Switzerland,Female,39
UGi9706,2021-12-15,Saudi Arabia,Female,80
UGi9707,2022-11-02,USA,Male,81
UGi9708,2021-12-23,Austria,Female,56
UGi9709,2021-11-28,USA,Female,25
UGi9710,2022-04-07,USA,Female,8
UGi9711,2023-05-01,England,Male,38
UGi9712,2021-11-30,Thailand,Female,6
UGi9713,2023-10-22,India,Female,1
UGi9714,2022-03-25,Spain,Male,84
UGi9715,2021-11-21,India,Female,81
UGi9716,2023-03-20,Norway,Female,58
UGi9717,2021-11-30,Nigeria,Male,56
UGi9718,2022-05-13,Russia,Male,9
UGi9719,2022-02-11,China,Male,15
UGi9720,2022-02-14,Canada,Female,70
UGi9721,2023-04-05,Mexico,Male,76
UGi9722,2023-05-18,Belarus,Female,51
UGi9723,2023-08-24,Oman,Male,3
UGi9724,2022-12-10,India,Male,42
UGi9725,2022-03-01,Iran,Male,75
UGi9726,2021-11-18,Austria,Female,11
UGi9727,2022-01-05,USA,Female,47
UGi9728,2023-05-13,Switzerland,Male,46
UGi9729,2021-11-18,South Korea,Female,6
UGi9730,2023-08-30,Ghana,Female,5
UGi9731,2022-11-29,Netherlands,Female,21
UGi9732,2023-09-30,USA,Male,81
UGi9733,2023-07-14,Qatar,Male,61
UGi9734,2023-06-30,Denmark,Female,33
UGi9735,2023-03-02,India,Male,32
UGi9736,2022-04-28,Argentina,Female,69
UGi9737,2023-05-14,Argentina,Male,71
UGi9738,2022-07-26,Brazil,Male,48
UGi9739,2023-08-15,India,Male,6
UGi9740,2022-09-05,Netherlands,Male,0
UGi9741,2023-02-21,Italy,Female,58
UGi9742,2022-01-06,Saudi Arabia,Male,4
UGi9743,2022-08-05,India,Female,30
UGi9744,2023-04-05,India,Female,67
UGi9745,2022-03-29,Oman,Male,35
UGi9746,2022-09-18,India,Female,78
UGi9747,2023-08-29,Singapore,Male,22
UGi9748,2023-06-09,Japan,Male,22
UGi9749,2022-12-14,Mexico,Male,14
UGi9750,2023-03-08,China,Male,68
UGi9751,2022-10-17,Oman,Male,19
UGi9752,2022-12-22,India,Female,59
UGi9753,2021-11-15,UAE,Male,20
UGi9754,2022-12-29,Denmark,Male,44
UGi9755,2022-06-23,USA,Female,25
UGi9756,2022-01-23,Thailand,Female,46
UGi9757,2022-11-22,Indonesia,Male,74
UGi9758,2022-07-13,Mexico,Female,35
UGi9759,2022-06-28,Afganistan,Male,30
UGi9760,2022-10-03,Bangladesh,Male,26
UGi9761,2023-03-21,Netherlands,Female,78
UGi9762,2023-02-15,China,Female,22
UGi9763,2023-10-18,Austria,Male,56
UGi9764,2022-05-09,Hungary,Female,77
UGi9765,2021-12-23,China,Male,62
UGi9766,2022-11-20,South Africa,Female,34
UGi9767,2022-04-03,Belarus,Female,23
UGi9768,2023-08-12,Afganistan,Female,64
UGi9769,2022-09-03,Iran,Male,59
UGi9770,2023-03-13,Argentina,Female,11
UGi9771,2022-09-15,India,Male,50
UGi9772,2022-01-22,Spain,Female,81
UGi9773,2023-05-18,India,Female,40
UGi9774,2022-01-14,Portugal,Male,53
UGi9775,2022-01-11,China,Male,4
UGi9776,2023-01-11,Nepal,Male,78
UGi9777,2022-09-03,USA,Female,64
UGi9778,2023-10-16,Jordan,Male,83
UGi9779,2021-12-13,Canada,Male,36
UGi9780,2022-09-30,South Africa,Female,60
UGi9781,2023-01-06,Spain,Female,75
UGi9782,2022-02-08,India,Female,34
UGi9783,2022-02-04,Russia,Female,14
UGi9784,2023-07-26,Denmark,Female,41
UGi9785,2021-11-30,China,Female,34
UGi9786,2023-10-14,Oman,Male,58
UGi9787,2022-12-22,India,Male,37
UGi9788,2022-02-23,USA,Female,37
UGi9789,2022-07-15,Qatar,Female,56
UGi9790,2022-08-29,Northern Ireland,Female,0
UGi9791,2022-03-02,Japan,Female,60
UGi9792,2022-04-02,Bangladesh,Female,44
UGi9793,2023-04-24,India,Female,72
UGi9794,2022-03-09,China,Male,28
UGi9795,2023-01-31,Wales,Male,33
UGi9796,2022-05-13,Pakistan,Female,38
UGi9797,2023-02-10,New Zealand,Male,66
UGi9798,2023-08-03,Italy,Female,64
UGi9799,2022-07-28,Hungary,Female,40
UGi9800,2022-08-31,India,Male,80
UGi9801,2021-12-20,USA,Male,79
UGi9802,2023-09-30,England,Male,39
UGi9803,2023-07-13,Russia,Male,23
UGi9804,2022-03-25,Turkey,Female,11
UGi9805,2023-03-13,Jordan,Female,76
UGi9806,2021-11-08,Jordan,Male,51
UGi9807,2022-07-17,Iran,Female,74
UGi9808,2021-11-29,Belarus,Female,37
UGi9809,2022-01-24,Mongolia,Male,27
UGi9810,2022-10-03,Ghana,Male,64
UGi9811,2022-12-18,Wales,Female,19
UGi9812,2022-08-25,China,Female,77
UGi9813,2022-08-26,China,Female,70
UGi9814,2022-04-14,India,Male,4
UGi9815,2023-05-17,Jordan,Male,46
UGi9816,2023-04-22,Nigeria,Female,77
UGi9817,2022-11-03,Mexico,Male,81
UGi9818,2022-08-06,China,Male,18
UGi9819,2022-03-16,Netherlands,Female,19
UGi9820,2022-02-15,Belarus,Male,43
UGi9821,2022-02-14,USA,Male,30
UGi9822,2023-08-13,Austria,Female,64
UGi9823,2022-11-20,Belarus,Male,51
UGi9824,2023-07-03,Bangladesh,Male,59
UGi9825,2022-12-23,Afganistan,Female,73
UGi9826,2022-05-07,Austria,Female,26
UGi9827,2022-04-14,USA,Male,80
UGi9828,2022-02-24,Denmark,Female,0
UGi9829,2023-02-14,Nigeria,Female,70
UGi9830,2022-03-18,Japan,Male,49
UGi9831,2022-11-01,Japan,Female,79
UGi9832,2023-02-23,India,Female,30
UGi9833,2022-02-09,Sweden,Female,12
UGi9834,2023-05-24,China,Male,63
UGi9835,2021-12-06,Canada,Female,22
UGi9836,2022-03-20,India,Male,56
UGi9837,2022-11-06,Mongolia,Female,52
UGi9838,2023-10-11,USA,Male,2
UGi9839,2022-10-30,Japan,Male,0
UGi9840,2022-08-30,USA,Male,32
UGi9841,2022-08-05,Oman,Female,44
UGi9842,2021-11-06,Netherlands,Male,8
UGi9843,2023-01-08,India,Male,17
UGi9844,2022-12-29,Netherlands,Female,64
UGi9845,2022-01-27,Denmark,Male,80
UGi9846,2023-06-02,India,Female,82
UGi9847,2021-12-17,Hungary,Female,61
UGi9848,2022-07-31,UAE,Female,40
UGi9849,2023-09-19,Australia,Male,11
UGi9850,2021-12-31,USA,Male,10
UGi9851,2022-02-15,Denmark,Male,42
UGi9852,2022-08-29,China,Female,20
UGi9853,2022-08-26,India,Female,37
UGi9854,2022-03-17,Switzerland,Female,74
UGi9855,2022-03-29,India,Female,46
UGi9856,2023-09-22,Nepal,Male,30
UGi9857,2022-04-03,Oman,Male,3
UGi9858,2023-02-09,Sweden,Female,83
UGi9859,2022-01-06,Oman,Female,82
UGi9860,2022-05-17,USA,Male,40
UGi9861,2023-07-15,Austria,Female,56
UGi9862,2022-04-27,Denmark,Female,79
UGi9863,2023-10-15,Croatia,Female,68
UGi9864,2022-01-27,South Korea,Male,67
UGi9865,2023-08-23,Brazil,Female,81
UGi9866,2023-03-21,Columbia,Male,27
UGi9867,2023-08-05,USA,Male,37
UGi9868,2021-10-22,England,Male,5
UGi9869,2023-02-15,Jordan,Female,80
UGi9870,2022-06-22,India,Female,2
UGi9871,2023-07-26,USA,Male,17
UGi9872,2022-07-12,China,Female,16
UGi9873,2023-09-28,Brazil,Male,4
UGi9874,2023-07-05,India,Male,44
UGi9875,2022-03-20,Mongolia,Female,46
UGi9876,2023-10-21,China,Female,53
UGi9877,2023-07-08,Japan,Female,27
UGi9878,2022-08-19,Columbia,Female,27
UGi9879,2022-06-17,India,Female,54
UGi9880,2021-11-14,Indonesia,Female,45
UGi9881,2022-07-29,Russia,Female,1
UGi9882,2023-07-01,South Africa,Male,5
UGi9883,2022-05-12,Canada,Female,33
UGi9884,2023-08-24,Northern Ireland,Male,22
UGi9885,2023-03-22,India,Female,83
UGi9886,2022-08-21,Japan,Female,84
UGi9887,2022-02-25,Pakistan,Female,50
UGi9888,2023-08-18,Japan,Female,79
UGi9889,2021-10-24,Argentina,Female,64
UGi9890,2023-02-27,Russia,Female,70
UGi9891,2022-07-02,Belarus,Male,0
UGi9892,2022-05-20,Russia,Female,27
UGi9893,2022-07-07,Peru,Female,43
UGi9894,2022-02-21,Netherlands,Male,61
UGi9895,2023-06-12,Peru,Female,56
UGi9896,2022-07-24,UAE,Male,80
UGi9897,2022-05-21,Japan,Male,4
UGi9898,2022-10-01,India,Male,10
UGi9899,2022-11-12,China,Male,39
UGi9900,2021-12-07,China,Male,16
UGi9901,2023-06-14,India,Male,37
UGi9902,2022-08-30,Turkey,Female,36
UGi9903,2023-05-13,Sri Lanka,Male,4
UGi9904,2023-05-13,Nigeria,Male,8
UGi9905,2023-01-03,Peru,Male,33
UGi9906,2023-09-27,Philippines,Male,44
UGi9907,2022-07-02,Argentina,Male,67
UGi9908,2022-10-22,Philippines,Male,40
UGi9909,2022-09-18,Denmark,Female,7
UGi9910,2022-03-21,Russia,Male,48
UGi9911,2022-10-07,India,Male,78
UGi9912,2023-07-17,Mexico,Female,11
UGi9913,2023-03-17,USA,Female,57
UGi9914,2022-03-10,USA,Male,14
UGi9915,2023-06-30,India,Female,15
UGi9916,2022-10-14,Russia,Male,62
UGi9917,2023-05-08,USA,Male,83
UGi9918,2021-11-06,USA,Female,51
UGi9919,2023-04-08,USA,Male,59
UGi9920,2021-11-07,Russia,Male,46
UGi9921,2023-10-19,Argentina,Male,78
UGi9922,2022-03-04,Canada,Female,51
UGi9923,2023-02-05,Argentina,Female,8
UGi9924,2022-05-09,Argentina,Male,68
UGi9925,2022-09-11,Indonesia,Male,74
UGi9926,2022-01-16,USA,Male,80
UGi9927,2023-10-19,China,Male,45
UGi9928,2022-06-24,Oman,Male,43
UGi9929,2022-05-22,Nigeria,Male,35
UGi9930,2022-10-26,China,Male,39
UGi9931,2022-05-26,Spain,Male,68
UGi9932,2023-03-12,Qatar,Male,48
UGi9933,2022-05-18,Brazil,Male,55
UGi9934,2023-01-09,Japan,Male,57
UGi9935,2022-01-20,Philippines,Female,75
UGi9936,2023-02-04,Denmark,Male,4
UGi9937,2022-06-10,USA,Male,0
UGi9938,2022-11-05,Afganistan,Male,76
UGi9939,2022-12-11,China,Male,19
UGi9940,2022-05-29,Switzerland,Male,22
UGi9941,2022-07-09,USA,Male,81
UGi9942,2023-01-11,Pakistan,Male,82
UGi9943,2022-02-07,China,Female,3
UGi9944,2023-01-15,Oman,Male,20
UGi9945,2022-11-07,Switzerland,Male,57
UGi9946,2022-12-09,India,Female,22
UGi9947,2022-01-05,USA,Female,31
UGi9948,2022-05-19,USA,Male,34
UGi9949,2022-04-24,Norway,Female,3
UGi9950,2022-09-30,Turkey,Female,69
UGi9951,2023-04-06,Spain,Male,68
UGi9952,2023-06-07,Oman,Female,30
UGi9953,2022-01-03,India,Female,58
UGi9954,2023-05-26,Denmark,Female,10
UGi9955,2022-04-12,Denmark,Male,64
UGi9956,2023-05-30,Sweden,Female,23
UGi9957,2022-04-23,Jordan,Male,19
UGi9958,2022-08-15,Denmark,Male,3
UGi9959,2022-08-25,Nigeria,Female,53
UGi9960,2023-07-08,Japan,Female,47
UGi9961,2021-11-30,USA,Female,23
UGi9962,2023-07-14,Japan,Female,7
UGi9963,2021-10-23,Austria,Male,40
UGi9964,2023-07-16,Netherlands,Male,22
UGi9965,2022-06-12,Japan,Male,29
UGi9966,2022-02-10,China,Female,20
UGi9967,2022-02-11,Sri Lanka,Male,45
UGi9968,2022-07-11,UAE,Male,27
UGi9969,2023-06-03,Canada,Female,15
UGi9970,2023-04-07,England,Female,25
UGi9971,2022-02-12,Russia,Male,51
UGi9972,2022-06-08,South Korea,Male,24
UGi9973,2022-11-22,Canada,Male,84
UGi9974,2022-02-02,Sri Lanka,Male,50
UGi9975,2023-05-20,Russia,Male,45
UGi9976,2022-09-18,India,Female,25
UGi9977,2023-09-27,Scotland,Male,78
UGi9978,2022-01-20,South Africa,Male,39
UGi9979,2023-06-04,Nigeria,Male,27
UGi9980,2023-09-08,China,Female,3
UGi9981,2022-07-27,England,Female,57
UGi9982,2022-07-24,USA,Male,24
UGi9983,2023-09-25,Russia,Male,38
UGi9984,2022-02-24,Jordan,Male,61
UGi9985,2021-11-11,India,Female,54
UGi9986,2023-09-16,Northern Ireland,Female,64
UGi9987,2023-01-14,China,Male,71
UGi9988,2022-11-14,Qatar,Female,81
UGi9989,2023-05-04,India,Female,20
UGi9990,2023-01-27,Oman,Female,39
UGi9991,2023-10-09,Philippines,Male,25
UGi9992,2022-02-03,New Zealand,Female,65
UGi9993,2022-03-09,Italy,Female,55
UGi9994,2022-09-26,Singapore,Female,72
UGi9995,2021-12-28,Australia,Male,16
UGi9996,2023-04-22,Scotland,Female,52
UGi9997,2022-10-10,Peru,Male,23
UGi9998,2022-05-27,USA,Male,42
UGi9999,2021-12-22,South Korea,Male,38
UGi10000,2021-12-20,China,Male,73
UGi10001,2022-01-20,Japan,Female,47
UGi10002,2023-10-10,Portugal,Male,47
UGi10003,2022-08-05,USA,Female,21
UGi10004,2022-05-06,Belarus,Male,72
UGi10005,2023-10-14,Japan,Female,44
UGi10006,2022-06-11,Japan,Male,64
UGi10007,2023-09-01,Afganistan,Male,26
UGi10008,2023-06-07,India,Female,53
UGi10009,2022-12-26,Switzerland,Female,28
UGi10010,2022-09-09,China,Male,65
UGi10011,2022-09-16,Thailand,Female,59
UGi10012,2022-09-20,Denmark,Female,72
UGi10013,2023-04-23,Mexico,Male,15
UGi10014,2023-09-12,Pakistan,Female,55
UGi10015,2023-07-26,Switzerland,Female,57
UGi10016,2022-06-26,India,Male,16
UGi10017,2021-11-01,India,Female,47
UGi10018,2023-04-05,Russia,Female,82
UGi10019,2022-08-10,South Korea,Female,35
UGi10020,2022-04-17,Saudi Arabia,Male,6
UGi10021,2022-03-11,Austria,Female,51
UGi10022,2021-11-10,USA,Female,55
UGi10023,2023-09-18,Canada,Female,9
UGi10024,2022-12-16,Turkey,Male,51
UGi10025,2021-12-23,Switzerland,Male,55
UGi10026,2022-05-05,India,Female,68
UGi10027,2023-06-05,Sweden,Male,61
UGi10028,2023-01-16,Romania,Female,23
UGi10029,2022-05-30,China,Male,4
UGi10030,2022-05-29,Switzerland,Male,21
UGi10031,2022-08-16,China,Male,74
UGi10032,2022-11-17,Romania,Male,53
UGi10033,2023-01-30,Qatar,Male,62
UGi10034,2021-11-05,China,Male,68
UGi10035,2022-11-12,Philippines,Female,50
UGi10036,2021-12-26,Scotland,Female,29
UGi10037,2023-08-11,China,Male,46
UGi10038,2022-11-23,Qatar,Female,82
UGi10039,2023-01-13,India,Male,67
UGi10040,2022-03-15,India,Male,72
UGi10041,2022-03-06,South Korea,Male,48
UGi10042,2023-03-31,England,Male,4
UGi10043,2022-06-05,Sri Lanka,Female,54
UGi10044,2023-06-17,USA,Male,60
UGi10045,2023-09-17,Romania,Female,63
UGi10046,2023-06-17,Romania,Female,72
UGi10047,2023-10-09,Afganistan,Female,69
UGi10048,2022-10-23,Philippines,Male,32
UGi10049,2023-06-21,Afganistan,Male,10
UGi10050,2022-01-04,Argentina,Female,83
UGi10051,2022-04-25,Philippines,Male,21
UGi10052,2023-05-04,USA,Male,2
UGi10053,2022-03-20,India,Female,68
UGi10054,2022-12-27,UAE,Male,15
UGi10055,2023-02-17,USA,Male,36
UGi10056,2022-12-15,Saudi Arabia,Female,50
UGi10057,2022-09-24,Japan,Male,46
UGi10058,2023-02-12,Brazil,Female,81
UGi10059,2022-07-17,Pakistan,Male,66
UGi10060,2021-12-31,China,Male,54
UGi10061,2022-01-20,Ghana,Female,67
UGi10062,2023-07-08,USA,Male,11
UGi10063,2023-01-04,Canada,Female,78
UGi10064,2023-05-15,Oman,Female,44
UGi10065,2022-05-17,Oman,Female,60
UGi10066,2023-04-23,Nepal,Male,47
UGi10067,2022-06-16,Thailand,Female,2
UGi10068,2022-01-15,Russia,Female,52
UGi10069,2023-04-15,South Korea,Male,78
UGi10070,2022-04-28,Pakistan,Male,63
UGi10071,2022-10-03,USA,Female,81
UGi10072,2022-02-17,Indonesia,Male,13
UGi10073,2022-06-22,Qatar,Female,32
UGi10074,2021-10-30,Iran,Female,82
UGi10075,2022-10-01,Mongolia,Male,15
UGi10076,2022-01-17,Hungary,Female,16
UGi10077,2023-06-28,Canada,Female,56
UGi10078,2023-10-11,South Africa,Male,75
UGi10079,2022-11-24,India,Female,58
UGi10080,2021-11-14,Saudi Arabia,Male,50
UGi10081,2022-03-29,Columbia,Male,39
UGi10082,2022-01-31,Indonesia,Female,51
UGi10083,2022-01-31,Norway,Female,83
UGi10084,2023-09-14,India,Male,53
UGi10085,2021-11-12,India,Male,29
UGi10086,2022-07-16,Bangladesh,Female,0
UGi10087,2022-08-22,Austria,Male,22
UGi10088,2022-07-18,Austria,Male,74
UGi10089,2022-10-03,Spain,Male,31
UGi10090,2022-01-18,India,Female,70
UGi10091,2023-07-31,Switzerland,Female,27
UGi10092,2022-07-10,UAE,Female,8
UGi10093,2022-01-30,USA,Male,32
UGi10094,2022-12-13,Iran,Male,9
UGi10095,2023-02-28,Oman,Female,34
UGi10096,2022-04-25,Turkey,Male,32
UGi10097,2022-10-17,Switzerland,Male,67
UGi10098,2022-03-26,China,Female,38
UGi10099,2022-10-24,Japan,Male,25
UGi10100,2022-10-01,Jordan,Male,0
UGi10101,2023-10-09,India,Female,49
UGi10102,2021-12-07,China,Female,33
UGi10103,2022-02-16,Japan,Male,3
UGi10104,2023-03-03,Northern Ireland,Female,77
UGi10105,2022-09-08,USA,Female,4
UGi10106,2023-09-01,Switzerland,Male,65
UGi10107,2023-06-22,Turkey,Male,84
UGi10108,2022-09-12,China,Male,48
UGi10109,2023-06-06,China,Male,55
UGi10110,2022-09-13,Ghana,Male,22
UGi10111,2022-05-26,Peru,Male,64
UGi10112,2022-04-04,India,Female,9
UGi10113,2023-07-30,USA,Female,41
UGi10114,2022-11-12,Turkey,Female,20
UGi10115,2021-12-27,Turkey,Male,70
UGi10116,2022-05-17,Romania,Female,59
UGi10117,2023-06-29,Nigeria,Female,10
UGi10118,2022-11-09,Denmark,Female,57
UGi10119,2023-03-05,Canada,Female,17
UGi10120,2023-05-19,Oman,Female,54
UGi10121,2021-12-13,China,Male,38
UGi10122,2023-07-22,Iran,Female,10
UGi10123,2022-11-17,Netherlands,Female,84
UGi10124,2022-07-11,India,Male,1
UGi10125,2022-05-20,Denmark,Female,15
UGi10126,2022-07-16,Portugal,Female,43
UGi10127,2022-12-11,Japan,Female,14
UGi10128,2022-07-11,India,Male,13
UGi10129,2021-12-11,China,Female,68
UGi10130,2022-06-06,Oman,Female,67
UGi10131,2022-06-03,Croatia,Female,27
UGi10132,2023-03-10,Jordan,Female,25
UGi10133,2022-11-06,Denmark,Male,74
UGi10134,2023-10-12,Norway,Male,68
UGi10135,2022-05-29,India,Female,2
UGi10136,2022-11-16,Spain,Male,48
UGi10137,2021-12-08,China,Male,55
UGi10138,2023-04-04,Croatia,Male,23
UGi10139,2022-11-27,Japan,Female,27
UGi10140,2022-12-15,USA,Female,1
UGi10141,2021-12-09,India,Male,77
UGi10142,2022-11-28,China,Female,16
UGi10143,2023-01-08,Columbia,Male,4
UGi10144,2023-05-10,USA,Female,81
UGi10145,2022-01-05,Wales,Female,57
UGi10146,2022-04-21,China,Male,23
UGi10147,2022-07-02,Thailand,Female,76
UGi10148,2023-01-24,Denmark,Male,54
UGi10149,2023-07-24,UAE,Female,79
UGi10150,2022-06-09,Oman,Female,34
UGi10151,2023-07-13,Sri Lanka,Male,63
UGi10152,2023-01-28,Oman,Female,28
UGi10153,2023-06-21,India,Male,46
UGi10154,2022-11-28,USA,Female,1
UGi10155,2022-11-05,USA,Male,60
UGi10156,2023-08-07,Turkey,Male,69
UGi10157,2022-12-31,Oman,Male,0
UGi10158,2023-06-18,Austria,Female,55
UGi10159,2021-12-01,Peru,Female,43
UGi10160,2022-09-04,China,Male,65
UGi10161,2023-01-10,Norway,Female,59
UGi10162,2022-10-11,Iran,Male,38
UGi10163,2022-10-07,Portugal,Male,55
UGi10164,2023-10-18,China,Male,58
UGi10165,2022-05-18,Italy,Female,74
UGi10166,2023-01-01,Denmark,Female,61
UGi10167,2022-04-30,Portugal,Female,80
UGi10168,2022-07-05,Thailand,Male,36
UGi10169,2023-06-03,Peru,Female,61
UGi10170,2023-07-07,Netherlands,Male,12
UGi10171,2022-12-01,South Korea,Female,5
UGi10172,2023-07-03,England,Male,4
UGi10173,2023-04-09,Singapore,Female,20
UGi10174,2022-07-10,Wales,Female,47
UGi10175,2022-03-26,Japan,Female,10
UGi10176,2023-09-10,USA,Female,25
UGi10177,2023-10-07,China,Male,32
UGi10178,2021-10-26,USA,Male,38
UGi10179,2022-05-04,Afganistan,Male,59
UGi10180,2023-03-03,USA,Female,73
UGi10181,2022-01-21,Qatar,Female,63
UGi10182,2021-12-17,USA,Male,18
UGi10183,2022-11-11,Japan,Male,40
UGi10184,2023-05-05,Jordan,Male,7
UGi10185,2023-03-09,South Korea,Female,18
UGi10186,2023-09-18,USA,Female,51
UGi10187,2022-09-28,Saudi Arabia,Female,69
UGi10188,2023-01-15,Norway,Male,74
UGi10189,2023-01-24,Turkey,Female,84
UGi10190,2023-09-26,Mexico,Female,38
UGi10191,2023-01-24,Oman,Female,64
UGi10192,2022-07-26,Singapore,Female,63
UGi10193,2023-02-10,South Korea,Female,69
UGi10194,2022-06-26,USA,Female,67
UGi10195,2021-11-17,Thailand,Male,0
UGi10196,2021-12-28,Ghana,Male,54
UGi10197,2023-02-24,Russia,Male,35
UGi10198,2021-11-20,Nigeria,Female,26
UGi10199,2022-10-07,Jordan,Female,17
UGi10200,2023-08-11,Qatar,Female,52
UGi10201,2021-10-28,USA,Female,31
UGi10202,2023-04-29,Netherlands,Male,19
UGi10203,2022-11-11,Russia,Male,11
UGi10204,2023-07-22,Saudi Arabia,Female,79
UGi10205,2022-03-28,China,Female,74
UGi10206,2022-11-27,Canada,Male,25
UGi10207,2021-11-28,Peru,Male,51
UGi10208,2023-02-09,Turkey,Female,13
UGi10209,2021-12-10,Mexico,Male,40
UGi10210,2023-08-06,Sweden,Male,10
UGi10211,2023-03-19,Oman,Female,39
UGi10212,2023-06-07,Argentina,Female,18
UGi10213,2022-10-18,China,Female,11
UGi10214,2022-04-09,Hungary,Female,41
UGi10215,2023-08-05,Austria,Male,56
UGi10216,2022-12-17,Belarus,Male,67
UGi10217,2022-02-07,Nigeria,Female,29
UGi10218,2022-11-04,Portugal,Male,32
UGi10219,2022-03-16,Columbia,Male,69
UGi10220,2022-04-18,Mongolia,Female,49
UGi10221,2022-09-21,Japan,Male,47
UGi10222,2022-11-13,Canada,Female,83
UGi10223,2022-05-22,USA,Female,8
UGi10224,2022-02-11,Wales,Male,52
UGi10225,2023-02-23,India,Female,81
UGi10226,2022-09-21,New Zealand,Female,53
UGi10227,2022-09-04,Oman,Female,59
UGi10228,2023-05-16,South Africa,Female,32
UGi10229,2022-12-19,China,Male,33
UGi10230,2023-09-15,Jordan,Male,79
UGi10231,2023-03-04,Nigeria,Female,5
UGi10232,2022-07-19,Portugal,Male,74
UGi10233,2023-06-19,Denmark,Female,38
UGi10234,2023-08-22,Saudi Arabia,Female,56
UGi10235,2022-07-09,USA,Male,57
UGi10236,2023-10-13,Australia,Male,72
UGi10237,2023-09-30,Qatar,Female,1
UGi10238,2023-08-02,Norway,Female,56
UGi10239,2021-12-16,South Korea,Female,28
UGi10240,2023-08-14,Bangladesh,Female,74
UGi10241,2021-12-17,China,Female,25
UGi10242,2022-02-16,England,Female,44
UGi10243,2023-10-07,Brazil,Male,73
UGi10244,2022-10-23,Nigeria,Female,37
UGi10245,2022-08-13,Qatar,Female,50
UGi10246,2023-05-16,USA,Female,49
UGi10247,2023-02-03,Scotland,Female,53
UGi10248,2022-03-03,Peru,Female,31
UGi10249,2023-02-06,Turkey,Male,55
UGi10250,2021-12-05,Bangladesh,Female,49
UGi10251,2023-07-11,Romania,Female,20
UGi10252,2022-09-16,Norway,Male,72
UGi10253,2022-05-16,Bangladesh,Female,7
UGi10254,2021-10-22,Pakistan,Female,84
UGi10255,2023-08-14,USA,Male,10
UGi10256,2022-08-02,Nigeria,Male,38
UGi10257,2023-05-11,Japan,Male,27
UGi10258,2023-01-22,Norway,Male,76
UGi10259,2023-04-25,Thailand,Female,43
UGi10260,2022-12-12,Russia,Female,66
UGi10261,2023-09-24,China,Female,57
UGi10262,2022-05-05,Norway,Male,9
UGi10263,2022-09-26,Croatia,Female,40
UGi10264,2023-09-02,India,Female,84
UGi10265,2022-05-13,USA,Female,2
UGi10266,2023-01-23,Iran,Female,42
UGi10267,2023-08-04,Spain,Female,79
UGi10268,2022-05-04,Netherlands,Male,72
UGi10269,2022-05-04,Japan,Male,16
UGi10270,2023-08-12,South Africa,Female,1
UGi10271,2022-12-14,New Zealand,Male,71
UGi10272,2023-10-20,China,Female,63
UGi10273,2023-05-12,China,Female,57
UGi10274,2021-11-04,Scotland,Female,10
UGi10275,2022-12-28,USA,Female,13
UGi10276,2022-10-21,Iran,Male,38
UGi10277,2023-05-22,Portugal,Male,27
UGi10278,2023-08-13,Pakistan,Male,73
UGi10279,2023-07-30,Wales,Female,20
UGi10280,2022-09-30,Canada,Male,14
UGi10281,2022-01-13,India,Female,69
UGi10282,2022-12-03,Canada,Female,39
UGi10283,2022-11-16,Pakistan,Male,25
UGi10284,2023-03-30,Switzerland,Female,34
UGi10285,2022-05-20,Romania,Female,8
UGi10286,2023-01-13,Denmark,Female,38
UGi10287,2022-10-07,Hungary,Female,47
UGi10288,2022-12-17,Iran,Male,24
UGi10289,2022-05-04,China,Female,31
UGi10290,2022-04-03,Spain,Female,30
UGi10291,2022-07-03,Bangladesh,Male,74
UGi10292,2023-08-24,Pakistan,Female,6
UGi10293,2022-05-26,Spain,Male,26
UGi10294,2023-02-11,Wales,Female,29
UGi10295,2023-02-21,Hungary,Female,80
UGi10296,2022-09-24,Philippines,Female,28
UGi10297,2021-10-30,Japan,Male,67
UGi10298,2022-01-15,India,Male,17
UGi10299,2021-11-17,Spain,Female,41
UGi10300,2023-06-27,Pakistan,Male,47
UGi10301,2023-04-16,Denmark,Female,45
UGi10302,2022-12-31,China,Male,48
UGi10303,2021-10-26,India,Female,48
UGi10304,2023-01-15,Spain,Male,6
UGi10305,2022-08-06,Austria,Male,77
UGi10306,2021-11-14,Canada,Male,20
UGi10307,2023-10-16,Belarus,Female,83
UGi10308,2022-10-09,China,Male,67
UGi10309,2023-07-15,India,Female,75
UGi10310,2023-07-07,Turkey,Male,25
UGi10311,2021-11-27,Iran,Male,15
UGi10312,2022-03-26,India,Female,78
UGi10313,2021-10-29,Norway,Female,28
UGi10314,2022-02-24,Sweden,Female,45
UGi10315,2022-01-04,Singapore,Female,48
UGi10316,2022-02-08,India,Female,31
UGi10317,2022-09-24,India,Male,44
UGi10318,2023-09-29,USA,Male,58
UGi10319,2023-03-29,Peru,Male,6
